{
    "loss": 9.350520133972168,
    "accuracy": 0.29796355962753296
}