{
    "loss": 0.6825117468833923,
    "accuracy": 0.8317255973815918
}