{
    "loss": 0.8243260979652405,
    "accuracy": 0.8534297943115234
}